{
  "time_entries": [
    {
      "dateAndTime": "9th Jan 2023 | 10:00 AM",
      "timesheetDate": "1st Jan, 2023",
      "standardHours": "0",
      "billedHours": "0",
      "unbilledHours": "0",
      "netHours": "0",
      "billingLoss": "0",
      "wfh": false,
      "status": "not-submitted",
      "updatedBy": {
        "name": "Bhavya",
        "empId": "1000059100",
        "avatar": "https://res.cloudinary.com/rounak-dev/image/upload/v1682593131/Girl_gbzuoy.jpg"
      }
    },
    {
      "dateAndTime": "9th Jan 2023 | 10:00 AM",
      "timesheetDate": "2nd Jan, 2023",
      "standardHours": "8.75",
      "billedHours": "5.75",
      "unbilledHours": "3.00",
      "netHours": "8.75",
      "billingLoss": "0",
      "wfh": true,
      "status": "approved",
      "updatedBy": {
        "name": "Bhavya",
        "empId": "1000059100",
        "avatar": "https://res.cloudinary.com/rounak-dev/image/upload/v1682593131/Girl_gbzuoy.jpg"
      }
    },
    {
      "dateAndTime": "9th Jan 2023 | 10:00 AM",
      "timesheetDate": "3rd Jan, 2023",
      "standardHours": "8.75",
      "billedHours": "8.75",
      "unbilledHours": "0",
      "netHours": "8.75",
      "billingLoss": "0",
      "wfh": true,
      "status": "approved",
      "updatedBy": {
        "name": "Bhavya",
        "empId": "1000059100",
        "avatar": "https://res.cloudinary.com/rounak-dev/image/upload/v1682593131/Girl_gbzuoy.jpg"
      }
    },
    {
      "dateAndTime": "9th Jan 2023 | 10:00 AM",
      "timesheetDate": "4th Jan, 2023",
      "standardHours": "8.75",
      "billedHours": "8.75",
      "unbilledHours": "0",
      "netHours": "8.75",
      "billingLoss": "0",
      "wfh": true,
      "status": "approved",
      "updatedBy": {
        "name": "Bhavya",
        "empId": "1000059100",
        "avatar": "https://res.cloudinary.com/rounak-dev/image/upload/v1682593131/Girl_gbzuoy.jpg"
      }
    },
    {
      "dateAndTime": "9th Jan 2023 | 10:00 AM",
      "timesheetDate": "5th Jan, 2023",
      "standardHours": "8.75",
      "billedHours": "8.75",
      "unbilledHours": "0",
      "netHours": "8.75",
      "billingLoss": "0",
      "wfh": true,
      "status": "approved",
      "updatedBy": {
        "name": "Bhavya",
        "empId": "1000059100",
        "avatar": "https://res.cloudinary.com/rounak-dev/image/upload/v1682593131/Girl_gbzuoy.jpg"
      }
    },
    {
      "dateAndTime": "9th Jan 2023 | 10:00 AM",
      "timesheetDate": "6th Jan, 2023",
      "standardHours": "8.75",
      "billedHours": "8.75",
      "unbilledHours": "0",
      "netHours": "8.75",
      "billingLoss": "0",
      "wfh": true,
      "status": "approved",
      "updatedBy": {
        "name": "Bhavya",
        "empId": "1000059100",
        "avatar": "https://res.cloudinary.com/rounak-dev/image/upload/v1682593131/Girl_gbzuoy.jpg"
      }
    },
    {
      "dateAndTime": "9th Jan 2023 | 10:00 AM",
      "timesheetDate": "7th Jan, 2023",
      "standardHours": "0",
      "billedHours": "0",
      "unbilledHours": "0",
      "netHours": "0",
      "billingLoss": "0",
      "wfh": false,
      "status": "approved",
      "updatedBy": {
        "name": "Bhavya",
        "empId": "1000059100",
        "avatar": "https://res.cloudinary.com/rounak-dev/image/upload/v1682593131/Girl_gbzuoy.jpg"
      }
    },
    {
      "dateAndTime": "8th Jan 2023 | 10:00 AM",
      "timesheetDate": "1st Jan, 2023",
      "standardHours": "0",
      "billedHours": "0",
      "unbilledHours": "0",
      "netHours": "0",
      "billingLoss": "0",
      "wfh": false,
      "status": "submitted",
      "updatedBy": {
        "name": "Me",
        "empId": "1000059162",
        "avatar": "https://res.cloudinary.com/rounak-dev/image/upload/v1682596128/MicrosoftTeams-image_31_gfqjdx.jpg"
      }
    },
    {
      "dateAndTime": "8th Jan 2023 | 10:00 AM",
      "timesheetDate": "2nd Jan, 2023",
      "standardHours": "8.75",
      "billedHours": "6.75",
      "unbilledHours": "2.00",
      "netHours": "8.75",
      "billingLoss": "0",
      "wfh": true,
      "status": "submitted",
      "updatedBy": {
        "name": "Me",
        "empId": "1000059162",
        "avatar": "https://res.cloudinary.com/rounak-dev/image/upload/v1682596128/MicrosoftTeams-image_31_gfqjdx.jpg"
      }
    },
    {
      "dateAndTime": "8th Jan 2023 | 10:00 AM",
      "timesheetDate": "3rd Jan, 2023",
      "standardHours": "8.75",
      "billedHours": "4.00",
      "unbilledHours": "4.75",
      "netHours": "8.75",
      "billingLoss": "0",
      "wfh": true,
      "status": "submitted",
      "updatedBy": {
        "name": "Me",
        "empId": "1000059162",
        "avatar": "https://res.cloudinary.com/rounak-dev/image/upload/v1682596128/MicrosoftTeams-image_31_gfqjdx.jpg"
      }
    }
  ]
}
