{
    "time_entries": [
      {
        "duration": "1st Jan - 7th Jan",
        "net_hours": 43.75,
        "submitted_by": "me",
        "submitted_date": "8th Jan 2023",
        "status":"submitted"
      },
      {
        "duration": "8th Jan - 14th Jan",
        "net_hours": 43.75,
        "submitted_by": "me",
        "submitted_date": "15th Jan 2023",
        "status":"approved"
      },
      {
        "duration": "15th Jan - 21st Jan",
        "net_hours": 43.75,
        "submitted_by": "me",
        "submitted_date": "22nd Jan 2023",
        "status":"approved"
      },
      {
        "duration": "22nd Jan - 28th Jan",
        "net_hours": 43.75,
        "submitted_by": "me",
        "submitted_date": "29th Jan 2023",
        "status":"approved"
      },
      {
        "duration": "29th Jan - 31st Jan",
        "net_hours": 26.25,
        "submitted_by": "me",
        "submitted_date": "31st Jan 2023",
        "status":"rejected"
      }
    ]
  }
  